data,length_used,feature_extraction,feature_selection,model,accuracy,f1,recall,precision,roc_auc,notes
fake_reviews_dataset,,"CountVectorizer(binary=False, min_df=0, ngram_range=(1,1))","PCA(n_components=500, random_state=42)","LogisticRegression(max_iter=1000, class_weight='balanced', random_state=42)",0.82855,0.82873,0.82988,0.82759,0.91569,
fake_reviews_dataset,,"CountVectorizer(binary=False, min_df=0, ngram_range=(1,1))","PCA(n_components=500, random_state=42)","KNeighborsClassifier(n_neighbors=1, metric='euclidean')",0.66299,0.69726,0.77629,0.63289,0.66301,
fake_reviews_dataset,,"CountVectorizer(binary=False, min_df=0, ngram_range=(1,1))","PCA(n_components=500, random_state=42)","KNeighborsClassifier(n_neighbors=1, metric='manhattan')",0.65913,0.6917,0.76482,0.63139,0.65915,
fake_reviews_dataset,,"CountVectorizer(binary=False, min_df=0, ngram_range=(1,1))","PCA(n_components=500, random_state=42)","KNeighborsClassifier(n_neighbors=1, metric='minkowski')",0.66299,0.69726,0.77629,0.63289,0.66301,
fake_reviews_dataset,,"CountVectorizer(binary=False, min_df=0, ngram_range=(1,1))","PCA(n_components=500, random_state=42)","KNeighborsClassifier(n_neighbors=1, metric='cosine')",0.67711,0.72248,0.84062,0.63349,0.67711,
fake_reviews_dataset,,"CountVectorizer(binary=False, min_df=0, ngram_range=(1,1))","PCA(n_components=500, random_state=42)","KNeighborsClassifier(n_neighbors=3, metric='euclidean')",0.67375,0.70518,0.78046,0.64327,0.74104,
fake_reviews_dataset,,"CountVectorizer(binary=False, min_df=0, ngram_range=(1,1))","PCA(n_components=500, random_state=42)","KNeighborsClassifier(n_neighbors=3, metric='manhattan')",0.67323,0.70113,0.76658,0.64603,0.73742,
fake_reviews_dataset,,"CountVectorizer(binary=False, min_df=0, ngram_range=(1,1))","PCA(n_components=500, random_state=42)","KNeighborsClassifier(n_neighbors=3, metric='minkowski')",0.67375,0.70518,0.78046,0.64327,0.74104,
fake_reviews_dataset,,"CountVectorizer(binary=False, min_df=0, ngram_range=(1,1))","PCA(n_components=500, random_state=42)","KNeighborsClassifier(n_neighbors=3, metric='cosine')",0.68552,0.73273,0.86226,0.63708,0.77095,
fake_reviews_dataset,,"CountVectorizer(binary=False, min_df=0, ngram_range=(1,1))","PCA(n_components=500, random_state=42)","KNeighborsClassifier(n_neighbors=5, metric='euclidean')",0.68085,0.71024,0.78246,0.6504,0.76162,
fake_reviews_dataset,,"CountVectorizer(binary=False, min_df=0, ngram_range=(1,1))","PCA(n_components=500, random_state=42)","KNeighborsClassifier(n_neighbors=5, metric='manhattan')",0.68305,0.70867,0.77106,0.65575,0.75824,
fake_reviews_dataset,,"CountVectorizer(binary=False, min_df=0, ngram_range=(1,1))","PCA(n_components=500, random_state=42)","KNeighborsClassifier(n_neighbors=5, metric='minkowski')",0.68085,0.71024,0.78246,0.6504,0.76162,
fake_reviews_dataset,,"CountVectorizer(binary=False, min_df=0, ngram_range=(1,1))","PCA(n_components=500, random_state=42)","KNeighborsClassifier(n_neighbors=5, metric='cosine')",0.69151,0.73878,0.87258,0.64062,0.79919,
fake_reviews_dataset,,"CountVectorizer(binary=False, min_df=0.001, ngram_range=(1, 1))","PCA(n_components=500, random_state=42)","LogisticRegression(max_iter=1000, class_weight='balanced', random_state=42)",0.82667,0.82707,0.82925,0.82493,0.91408,
fake_reviews_dataset,,"CountVectorizer(binary=False, min_df=0.001, ngram_range=(1, 1))","PCA(n_components=500, random_state=42)","KNeighborsClassifier(n_neighbors=1, metric='euclidean')",0.66339,0.69816,0.77867,0.63278,0.6634,
fake_reviews_dataset,,"CountVectorizer(binary=False, min_df=0.001, ngram_range=(1, 1))","PCA(n_components=500, random_state=42)","KNeighborsClassifier(n_neighbors=1, metric='manhattan')",0.65844,0.69251,0.76928,0.62971,0.65845,
fake_reviews_dataset,,"CountVectorizer(binary=False, min_df=0.001, ngram_range=(1, 1))","PCA(n_components=500, random_state=42)","KNeighborsClassifier(n_neighbors=1, metric='cosine')",0.67657,0.72281,0.84345,0.63241,0.67658,
fake_reviews_dataset,,"CountVectorizer(binary=False, min_df=0.001, ngram_range=(1, 1))","PCA(n_components=500, random_state=42)","KNeighborsClassifier(n_neighbors=3, metric='euclidean')",0.67157,0.70478,0.78416,0.64008,0.74025,
fake_reviews_dataset,,"CountVectorizer(binary=False, min_df=0.001, ngram_range=(1, 1))","PCA(n_components=500, random_state=42)","KNeighborsClassifier(n_neighbors=3, metric='manhattan')",0.67209,0.70253,0.77452,0.64282,0.7367,
fake_reviews_dataset,,"CountVectorizer(binary=False, min_df=0.001, ngram_range=(1, 1))","PCA(n_components=500, random_state=42)","KNeighborsClassifier(n_neighbors=3, metric='cosine')",0.68463,0.73324,0.86696,0.6353,0.77114,
fake_reviews_dataset,,"CountVectorizer(binary=False, min_df=0.001, ngram_range=(1, 1))","PCA(n_components=500, random_state=42)","KNeighborsClassifier(n_neighbors=5, metric='euclidean')",0.67719,0.70943,0.78826,0.64505,0.7599,
fake_reviews_dataset,,"CountVectorizer(binary=False, min_df=0.001, ngram_range=(1, 1))","PCA(n_components=500, random_state=42)","KNeighborsClassifier(n_neighbors=5, metric='manhattan')",0.67961,0.70876,0.7798,0.64966,0.75636,
fake_reviews_dataset,,"CountVectorizer(binary=False, min_df=0.001, ngram_range=(1, 1))","PCA(n_components=500, random_state=42)","KNeighborsClassifier(n_neighbors=5, metric='cosine')",0.69138,0.73975,0.87734,0.63952,0.79959,
fake_reviews_dataset,,"CountVectorizer(binary=False, min_df=0.001, ngram_range=(1, 2))","PCA(n_components=500, random_state=42)","LogisticRegression(max_iter=1000, class_weight='balanced', random_state=42)",0.83844,0.83753,0.83309,0.84203,0.92304,
fake_reviews_dataset,,"CountVectorizer(binary=False, min_df=0.001, ngram_range=(1, 2))","PCA(n_components=500, random_state=42)","KNeighborsClassifier(n_neighbors=1, metric='euclidean')",0.67414,0.70302,0.77147,0.64578,0.67417,
fake_reviews_dataset,,"CountVectorizer(binary=False, min_df=0.001, ngram_range=(1, 2))","PCA(n_components=500, random_state=42)","KNeighborsClassifier(n_neighbors=1, metric='manhattan')",0.66952,0.69795,0.7637,0.64268,0.66952,
fake_reviews_dataset,,"CountVectorizer(binary=False, min_df=0.001, ngram_range=(1, 2))","PCA(n_components=500, random_state=42)","KNeighborsClassifier(n_neighbors=1, metric='cosine')",0.68948,0.72958,0.83783,0.64613,0.68946,
fake_reviews_dataset,,"CountVectorizer(binary=False, min_df=0.001, ngram_range=(1, 2))","PCA(n_components=500, random_state=42)","KNeighborsClassifier(n_neighbors=3, metric='euclidean')",0.68846,0.71316,0.77469,0.66084,0.7554,
fake_reviews_dataset,,"CountVectorizer(binary=False, min_df=0.001, ngram_range=(1, 2))","PCA(n_components=500, random_state=42)","KNeighborsClassifier(n_neighbors=3, metric='manhattan')",0.68713,0.71011,0.76644,0.66155,0.75033,
fake_reviews_dataset,,"CountVectorizer(binary=False, min_df=0.001, ngram_range=(1, 2))","PCA(n_components=500, random_state=42)","KNeighborsClassifier(n_neighbors=3, metric='cosine')",0.70214,0.7429,0.86078,0.65347,0.78596,
fake_reviews_dataset,,"CountVectorizer(binary=False, min_df=0.001, ngram_range=(1, 2))","PCA(n_components=500, random_state=42)","KNeighborsClassifier(n_neighbors=5, metric='euclidean')",0.69643,0.71812,0.77348,0.67025,0.77678,
fake_reviews_dataset,,"CountVectorizer(binary=False, min_df=0.001, ngram_range=(1, 2))","PCA(n_components=500, random_state=42)","KNeighborsClassifier(n_neighbors=5, metric='manhattan')",0.69398,0.71403,0.76416,0.67019,0.77102,
fake_reviews_dataset,,"CountVectorizer(binary=False, min_df=0.001, ngram_range=(1, 2))","PCA(n_components=500, random_state=42)","KNeighborsClassifier(n_neighbors=5, metric='cosine')",0.70815,0.74836,0.86806,0.65771,0.81398,
fake_reviews_dataset,,"CountVectorizer(binary=False, min_df=0.001, ngram_range=(1, 3))","PCA(n_components=500, random_state=42)","LogisticRegression(max_iter=1000, class_weight='balanced', random_state=42)",0.83849,0.83737,0.83187,0.84298,0.92428,
fake_reviews_dataset,,"CountVectorizer(binary=False, min_df=0.001, ngram_range=(1, 3))","PCA(n_components=500, random_state=42)","KNeighborsClassifier(n_neighbors=1, metric='euclidean')",0.6757,0.70359,0.76986,0.64788,0.67572,
fake_reviews_dataset,,"CountVectorizer(binary=False, min_df=0.001, ngram_range=(1, 3))","PCA(n_components=500, random_state=42)","KNeighborsClassifier(n_neighbors=1, metric='manhattan')",0.66672,0.69488,0.75909,0.64073,0.66673,
fake_reviews_dataset,,"CountVectorizer(binary=False, min_df=0.001, ngram_range=(1, 3))","PCA(n_components=500, random_state=42)","KNeighborsClassifier(n_neighbors=1, metric='cosine')",0.69252,0.73148,0.83768,0.64922,0.6925,
fake_reviews_dataset,,"CountVectorizer(binary=False, min_df=0.001, ngram_range=(1, 3))","PCA(n_components=500, random_state=42)","KNeighborsClassifier(n_neighbors=3, metric='euclidean')",0.69148,0.7145,0.77222,0.66496,0.75827,
fake_reviews_dataset,,"CountVectorizer(binary=False, min_df=0.001, ngram_range=(1, 3))","PCA(n_components=500, random_state=42)","KNeighborsClassifier(n_neighbors=3, metric='manhattan')",0.68982,0.71174,0.76591,0.66477,0.75179,
fake_reviews_dataset,,"CountVectorizer(binary=False, min_df=0.001, ngram_range=(1, 3))","PCA(n_components=500, random_state=42)","KNeighborsClassifier(n_neighbors=3, metric='cosine')",0.70709,0.74563,0.85871,0.65892,0.79012,
fake_reviews_dataset,,"CountVectorizer(binary=False, min_df=0.001, ngram_range=(1, 3))","PCA(n_components=500, random_state=42)","KNeighborsClassifier(n_neighbors=5, metric='euclidean')",0.70041,0.71981,0.76974,0.67612,0.77945,
fake_reviews_dataset,,"CountVectorizer(binary=False, min_df=0.001, ngram_range=(1, 3))","PCA(n_components=500, random_state=42)","KNeighborsClassifier(n_neighbors=5, metric='manhattan')",0.69732,0.71521,0.76023,0.67533,0.7723,
fake_reviews_dataset,,"CountVectorizer(binary=False, min_df=0.001, ngram_range=(1, 3))","PCA(n_components=500, random_state=42)","KNeighborsClassifier(n_neighbors=5, metric='cosine')",0.71295,0.75068,0.86441,0.66348,0.81695,
fake_reviews_dataset,,"CountVectorizer(binary=False, min_df=0.001, ngram_range=(2, 2))","PCA(n_components=500, random_state=42)","LogisticRegression(max_iter=1000, class_weight='balanced', random_state=42)",0.77896,0.75539,0.68255,0.8457,0.85194,
fake_reviews_dataset,,"CountVectorizer(binary=False, min_df=0.001, ngram_range=(2, 2))","PCA(n_components=500, random_state=42)","KNeighborsClassifier(n_neighbors=1, metric='euclidean')",0.68777,0.6902,0.69485,0.69025,0.68833,
fake_reviews_dataset,,"CountVectorizer(binary=False, min_df=0.001, ngram_range=(2, 2))","PCA(n_components=500, random_state=42)","KNeighborsClassifier(n_neighbors=1, metric='manhattan')",0.69259,0.69013,0.68369,0.70038,0.69297,
fake_reviews_dataset,,"CountVectorizer(binary=False, min_df=0.001, ngram_range=(2, 2))","PCA(n_components=500, random_state=42)","KNeighborsClassifier(n_neighbors=1, metric='cosine')",0.69141,0.69919,0.71674,0.68546,0.69114,
fake_reviews_dataset,,"CountVectorizer(binary=False, min_df=0.001, ngram_range=(2, 2))","PCA(n_components=500, random_state=42)","KNeighborsClassifier(n_neighbors=3, metric='euclidean')",0.70469,0.6966,0.67729,0.72284,0.76737,
fake_reviews_dataset,,"CountVectorizer(binary=False, min_df=0.001, ngram_range=(2, 2))","PCA(n_components=500, random_state=42)","KNeighborsClassifier(n_neighbors=3, metric='manhattan')",0.72591,0.69844,0.63485,0.77622,0.7726,
fake_reviews_dataset,,"CountVectorizer(binary=False, min_df=0.001, ngram_range=(2, 2))","PCA(n_components=500, random_state=42)","KNeighborsClassifier(n_neighbors=3, metric='cosine')",0.72826,0.7162,0.68528,0.75307,0.78166,
fake_reviews_dataset,,"CountVectorizer(binary=False, min_df=0.001, ngram_range=(2, 2))","PCA(n_components=500, random_state=42)","KNeighborsClassifier(n_neighbors=5, metric='euclidean')",0.72445,0.69424,0.62544,0.78407,0.78429,
fake_reviews_dataset,,"CountVectorizer(binary=False, min_df=0.001, ngram_range=(2, 2))","PCA(n_components=500, random_state=42)","KNeighborsClassifier(n_neighbors=5, metric='manhattan')",0.72779,0.69096,0.60864,0.79905,0.78421,
fake_reviews_dataset,,"CountVectorizer(binary=False, min_df=0.001, ngram_range=(2, 2))","PCA(n_components=500, random_state=42)","KNeighborsClassifier(n_neighbors=5, metric='cosine')",0.72549,0.71339,0.68237,0.75151,0.79252,
fake_reviews_dataset,,"CountVectorizer(binary=False, min_df=0.001, ngram_range=(2, 3))","PCA(n_components=500, random_state=42)","LogisticRegression(max_iter=1000, class_weight='balanced', random_state=42)",0.778,0.75232,0.67425,0.85086,0.85357,
fake_reviews_dataset,,"CountVectorizer(binary=False, min_df=0.001, ngram_range=(2, 3))","PCA(n_components=500, random_state=42)","KNeighborsClassifier(n_neighbors=1, metric='euclidean')",0.69269,0.69625,0.70326,0.6934,0.69247,
fake_reviews_dataset,,"CountVectorizer(binary=False, min_df=0.001, ngram_range=(2, 3))","PCA(n_components=500, random_state=42)","KNeighborsClassifier(n_neighbors=1, metric='manhattan')",0.70605,0.69735,0.67615,0.72283,0.70613,
fake_reviews_dataset,,"CountVectorizer(binary=False, min_df=0.001, ngram_range=(2, 3))","PCA(n_components=500, random_state=42)","KNeighborsClassifier(n_neighbors=1, metric='cosine')",0.69507,0.70248,0.71943,0.69004,0.69503,
fake_reviews_dataset,,"CountVectorizer(binary=False, min_df=0.001, ngram_range=(2, 3))","PCA(n_components=500, random_state=42)","KNeighborsClassifier(n_neighbors=3, metric='euclidean')",0.72462,0.70417,0.65525,0.76479,0.77736,
fake_reviews_dataset,,"CountVectorizer(binary=False, min_df=0.001, ngram_range=(2, 3))","PCA(n_components=500, random_state=42)","KNeighborsClassifier(n_neighbors=3, metric='manhattan')",0.7176,0.69769,0.65059,0.75595,0.77286,
fake_reviews_dataset,,"CountVectorizer(binary=False, min_df=0.001, ngram_range=(2, 3))","PCA(n_components=500, random_state=42)","KNeighborsClassifier(n_neighbors=3, metric='cosine')",0.70499,0.70998,0.72168,0.70128,0.76875,
fake_reviews_dataset,,"CountVectorizer(binary=False, min_df=0.001, ngram_range=(2, 3))","PCA(n_components=500, random_state=42)","KNeighborsClassifier(n_neighbors=5, metric='euclidean')",0.72764,0.69962,0.63407,0.78471,0.78882,
fake_reviews_dataset,,"CountVectorizer(binary=False, min_df=0.001, ngram_range=(2, 3))","PCA(n_components=500, random_state=42)","KNeighborsClassifier(n_neighbors=5, metric='manhattan')",0.73276,0.69787,0.61735,0.80256,0.78608,
fake_reviews_dataset,,"CountVectorizer(binary=False, min_df=0.001, ngram_range=(2, 3))","PCA(n_components=500, random_state=42)","KNeighborsClassifier(n_neighbors=5, metric='cosine')",0.72836,0.71576,0.68311,0.7563,0.79413,
fake_reviews_dataset,,"CountVectorizer(binary=False, min_df=0.001, ngram_range=(3, 3))","PCA(n_components=500, random_state=42)","LogisticRegression(max_iter=1000, class_weight='balanced', random_state=42)",0.71067,0.6226,0.4773,0.89521,0.72869,
fake_reviews_dataset,,"CountVectorizer(binary=False, min_df=0.001, ngram_range=(3, 3))","PCA(n_components=500, random_state=42)","KNeighborsClassifier(n_neighbors=1, metric='euclidean')",0.5004,0.64873,0.92278,0.50021,0.50039,
fake_reviews_dataset,,"CountVectorizer(binary=False, min_df=0.001, ngram_range=(3, 3))","PCA(n_components=500, random_state=42)","KNeighborsClassifier(n_neighbors=1, metric='manhattan')",0.6177,0.61095,0.62798,0.73858,0.61416,
fake_reviews_dataset,,"CountVectorizer(binary=False, min_df=0.001, ngram_range=(3, 3))","PCA(n_components=500, random_state=42)","KNeighborsClassifier(n_neighbors=1, metric='cosine')",0.50334,0.65182,0.92993,0.5018,0.50334,
fake_reviews_dataset,,"CountVectorizer(binary=False, min_df=0.001, ngram_range=(3, 3))","PCA(n_components=500, random_state=42)","KNeighborsClassifier(n_neighbors=3, metric='euclidean')",0.50406,0.65163,0.92782,0.50218,0.48157,
fake_reviews_dataset,,"CountVectorizer(binary=False, min_df=0.001, ngram_range=(3, 3))","PCA(n_components=500, random_state=42)","KNeighborsClassifier(n_neighbors=3, metric='manhattan')",0.65604,0.59965,0.53419,0.81921,0.65666,
fake_reviews_dataset,,"CountVectorizer(binary=False, min_df=0.001, ngram_range=(3, 3))","PCA(n_components=500, random_state=42)","KNeighborsClassifier(n_neighbors=3, metric='cosine')",0.50923,0.65716,0.94084,0.50494,0.48948,
fake_reviews_dataset,,"CountVectorizer(binary=False, min_df=0.001, ngram_range=(3, 3))","PCA(n_components=500, random_state=42)","KNeighborsClassifier(n_neighbors=5, metric='euclidean')",0.50606,0.65363,0.9322,0.50327,0.46804,
fake_reviews_dataset,,"CountVectorizer(binary=False, min_df=0.001, ngram_range=(3, 3))","PCA(n_components=500, random_state=42)","KNeighborsClassifier(n_neighbors=5, metric='manhattan')",0.61706,0.61367,0.63445,0.73567,0.65247,
fake_reviews_dataset,,"CountVectorizer(binary=False, min_df=0.001, ngram_range=(3, 3))","PCA(n_components=500, random_state=42)","KNeighborsClassifier(n_neighbors=5, metric='cosine')",0.66141,0.61322,0.55137,0.81791,0.70835,
fake_reviews_dataset,,"CountVectorizer(binary=True, min_df=0.001, ngram_range=(1, 1))","PCA(n_components=500, random_state=42)","LogisticRegression(max_iter=1000, class_weight='balanced', random_state=42)",0.83273,0.83382,0.83945,0.82828,0.92026,
fake_reviews_dataset,,"CountVectorizer(binary=True, min_df=0.001, ngram_range=(1, 1))","PCA(n_components=500, random_state=42)","KNeighborsClassifier(n_neighbors=1, metric='euclidean')",0.64268,0.68891,0.79135,0.61002,0.64271,
fake_reviews_dataset,,"CountVectorizer(binary=True, min_df=0.001, ngram_range=(1, 1))","PCA(n_components=500, random_state=42)","KNeighborsClassifier(n_neighbors=1, metric='manhattan')",0.6412,0.68543,0.78189,0.61023,0.64125,
fake_reviews_dataset,,"CountVectorizer(binary=True, min_df=0.001, ngram_range=(1, 1))","PCA(n_components=500, random_state=42)","KNeighborsClassifier(n_neighbors=1, metric='cosine')",0.68916,0.73297,0.8533,0.64241,0.68916,
fake_reviews_dataset,,"CountVectorizer(binary=True, min_df=0.001, ngram_range=(1, 1))","PCA(n_components=500, random_state=42)","KNeighborsClassifier(n_neighbors=3, metric='euclidean')",0.65087,0.69833,0.80824,0.61483,0.72139,
fake_reviews_dataset,,"CountVectorizer(binary=True, min_df=0.001, ngram_range=(1, 1))","PCA(n_components=500, random_state=42)","KNeighborsClassifier(n_neighbors=3, metric='manhattan')",0.65018,0.6966,0.80321,0.61509,0.71617,
fake_reviews_dataset,,"CountVectorizer(binary=True, min_df=0.001, ngram_range=(1, 1))","PCA(n_components=500, random_state=42)","KNeighborsClassifier(n_neighbors=3, metric='cosine')",0.70298,0.74785,0.88102,0.64969,0.79392,
fake_reviews_dataset,,"CountVectorizer(binary=True, min_df=0.001, ngram_range=(1, 1))","PCA(n_components=500, random_state=42)","KNeighborsClassifier(n_neighbors=5, metric='euclidean')",0.65446,0.70338,0.81944,0.61624,0.74454,
fake_reviews_dataset,,"CountVectorizer(binary=True, min_df=0.001, ngram_range=(1, 1))","PCA(n_components=500, random_state=42)","KNeighborsClassifier(n_neighbors=5, metric='manhattan')",0.65057,0.69916,0.81212,0.61389,0.73628,
fake_reviews_dataset,,"CountVectorizer(binary=True, min_df=0.001, ngram_range=(1, 1))","PCA(n_components=500, random_state=42)","KNeighborsClassifier(n_neighbors=5, metric='cosine')",0.70899,0.75445,0.8942,0.65251,0.82696,
fake_reviews_dataset,,"CountVectorizer(binary=True, min_df=0.001, ngram_range=(1, 2))","PCA(n_components=500, random_state=42)","LogisticRegression(max_iter=1000, class_weight='balanced', random_state=42)",0.85051,0.85016,0.8484,0.85196,0.9358,
fake_reviews_dataset,,"CountVectorizer(binary=True, min_df=0.001, ngram_range=(1, 2))","PCA(n_components=500, random_state=42)","KNeighborsClassifier(n_neighbors=1, metric='euclidean')",0.66695,0.70077,0.78005,0.63617,0.66698,
fake_reviews_dataset,,"CountVectorizer(binary=True, min_df=0.001, ngram_range=(1, 2))","PCA(n_components=500, random_state=42)","KNeighborsClassifier(n_neighbors=1, metric='manhattan')",0.6618,0.6969,0.77766,0.63139,0.66183,
fake_reviews_dataset,,"CountVectorizer(binary=True, min_df=0.001, ngram_range=(1, 2))","PCA(n_components=500, random_state=42)","KNeighborsClassifier(n_neighbors=1, metric='cosine')",0.71273,0.74706,0.84855,0.66728,0.71271,
fake_reviews_dataset,,"CountVectorizer(binary=True, min_df=0.001, ngram_range=(1, 2))","PCA(n_components=500, random_state=42)","KNeighborsClassifier(n_neighbors=3, metric='euclidean')",0.67751,0.70811,0.78245,0.64672,0.74765,
fake_reviews_dataset,,"CountVectorizer(binary=True, min_df=0.001, ngram_range=(1, 2))","PCA(n_components=500, random_state=42)","KNeighborsClassifier(n_neighbors=3, metric='manhattan')",0.66991,0.70338,0.78278,0.63867,0.73858,
fake_reviews_dataset,,"CountVectorizer(binary=True, min_df=0.001, ngram_range=(1, 2))","PCA(n_components=500, random_state=42)","KNeighborsClassifier(n_neighbors=3, metric='cosine')",0.7288,0.76188,0.86782,0.67902,0.81603,
fake_reviews_dataset,,"CountVectorizer(binary=True, min_df=0.001, ngram_range=(1, 2))","PCA(n_components=500, random_state=42)","KNeighborsClassifier(n_neighbors=5, metric='euclidean')",0.68705,0.71568,0.78778,0.65579,0.77097,
fake_reviews_dataset,,"CountVectorizer(binary=True, min_df=0.001, ngram_range=(1, 2))","PCA(n_components=500, random_state=42)","KNeighborsClassifier(n_neighbors=5, metric='manhattan')",0.67919,0.71027,0.7865,0.6476,0.76248,
fake_reviews_dataset,,"CountVectorizer(binary=True, min_df=0.001, ngram_range=(1, 2))","PCA(n_components=500, random_state=42)","KNeighborsClassifier(n_neighbors=5, metric='cosine')",0.73702,0.76953,0.87824,0.68482,0.84735,
fake_reviews_dataset,,"CountVectorizer(binary=True, min_df=0.001, ngram_range=(1, 3))","PCA(n_components=500, random_state=42)","LogisticRegression(max_iter=1000, class_weight='balanced', random_state=42)",0.85163,0.85108,0.8482,0.854,0.93696,
fake_reviews_dataset,,"CountVectorizer(binary=True, min_df=0.001, ngram_range=(1, 3))","PCA(n_components=500, random_state=42)","KNeighborsClassifier(n_neighbors=1, metric='euclidean')",0.6688,0.70165,0.77899,0.63831,0.66881,
fake_reviews_dataset,,"CountVectorizer(binary=True, min_df=0.001, ngram_range=(1, 3))","PCA(n_components=500, random_state=42)","KNeighborsClassifier(n_neighbors=1, metric='manhattan')",0.66205,0.69632,0.77496,0.63224,0.66209,
fake_reviews_dataset,,"CountVectorizer(binary=True, min_df=0.001, ngram_range=(1, 3))","PCA(n_components=500, random_state=42)","KNeighborsClassifier(n_neighbors=1, metric='cosine')",0.7157,0.74829,0.84524,0.67133,0.71567,
fake_reviews_dataset,,"CountVectorizer(binary=True, min_df=0.001, ngram_range=(1, 3))","PCA(n_components=500, random_state=42)","KNeighborsClassifier(n_neighbors=3, metric='euclidean')",0.68117,0.70986,0.78016,0.6512,0.75067,
fake_reviews_dataset,,"CountVectorizer(binary=True, min_df=0.001, ngram_range=(1, 3))","PCA(n_components=500, random_state=42)","KNeighborsClassifier(n_neighbors=3, metric='manhattan')",0.6734,0.70522,0.78142,0.64263,0.74157,
fake_reviews_dataset,,"CountVectorizer(binary=True, min_df=0.001, ngram_range=(1, 3))","PCA(n_components=500, random_state=42)","KNeighborsClassifier(n_neighbors=3, metric='cosine')",0.73637,0.76641,0.86509,0.68797,0.82028,
fake_reviews_dataset,,"CountVectorizer(binary=True, min_df=0.001, ngram_range=(1, 3))","PCA(n_components=500, random_state=42)","KNeighborsClassifier(n_neighbors=5, metric='euclidean')",0.68851,0.71499,0.78143,0.65904,0.77277,
fake_reviews_dataset,,"CountVectorizer(binary=True, min_df=0.001, ngram_range=(1, 3))","PCA(n_components=500, random_state=42)","KNeighborsClassifier(n_neighbors=5, metric='manhattan')",0.6809,0.71046,0.78307,0.65027,0.76385,
fake_reviews_dataset,,"CountVectorizer(binary=True, min_df=0.001, ngram_range=(1, 3))","PCA(n_components=500, random_state=42)","KNeighborsClassifier(n_neighbors=5, metric='cosine')",0.74446,0.77367,0.87368,0.69422,0.85062,
fake_reviews_dataset,,"CountVectorizer(binary=True, min_df=0.001, ngram_range=(2, 2))","PCA(n_components=500, random_state=42)","LogisticRegression(max_iter=1000, class_weight='balanced', random_state=42)",0.78208,0.75988,0.6896,0.84615,0.85695,
fake_reviews_dataset,,"CountVectorizer(binary=True, min_df=0.001, ngram_range=(2, 2))","PCA(n_components=500, random_state=42)","KNeighborsClassifier(n_neighbors=1, metric='euclidean')",0.68856,0.69206,0.69825,0.68884,0.68811,
fake_reviews_dataset,,"CountVectorizer(binary=True, min_df=0.001, ngram_range=(2, 2))","PCA(n_components=500, random_state=42)","KNeighborsClassifier(n_neighbors=1, metric='manhattan')",0.68376,0.68772,0.69588,0.683,0.6841,
fake_reviews_dataset,,"CountVectorizer(binary=True, min_df=0.001, ngram_range=(2, 2))","PCA(n_components=500, random_state=42)","KNeighborsClassifier(n_neighbors=1, metric='cosine')",0.72465,0.71458,0.68941,0.74179,0.72466,
fake_reviews_dataset,,"CountVectorizer(binary=True, min_df=0.001, ngram_range=(2, 2))","PCA(n_components=500, random_state=42)","KNeighborsClassifier(n_neighbors=3, metric='euclidean')",0.7223,0.70284,0.65574,0.7611,0.77529,
fake_reviews_dataset,,"CountVectorizer(binary=True, min_df=0.001, ngram_range=(2, 2))","PCA(n_components=500, random_state=42)","KNeighborsClassifier(n_neighbors=3, metric='manhattan')",0.70815,0.6955,0.66554,0.73326,0.76663,
fake_reviews_dataset,,"CountVectorizer(binary=True, min_df=0.001, ngram_range=(2, 2))","PCA(n_components=500, random_state=42)","KNeighborsClassifier(n_neighbors=3, metric='cosine')",0.74547,0.72856,0.68317,0.78052,0.79581,
fake_reviews_dataset,,"CountVectorizer(binary=True, min_df=0.001, ngram_range=(2, 2))","PCA(n_components=500, random_state=42)","KNeighborsClassifier(n_neighbors=5, metric='euclidean')",0.73689,0.70171,0.619,0.81003,0.78947,
fake_reviews_dataset,,"CountVectorizer(binary=True, min_df=0.001, ngram_range=(2, 2))","PCA(n_components=500, random_state=42)","KNeighborsClassifier(n_neighbors=5, metric='manhattan')",0.72116,0.69258,0.62757,0.77622,0.78107,
fake_reviews_dataset,,"CountVectorizer(binary=True, min_df=0.001, ngram_range=(2, 2))","PCA(n_components=500, random_state=42)","KNeighborsClassifier(n_neighbors=5, metric='cosine')",0.75334,0.73074,0.66945,0.80443,0.80872,
fake_reviews_dataset,,"CountVectorizer(binary=True, min_df=0.001, ngram_range=(2, 3))","PCA(n_components=500, random_state=42)","LogisticRegression(max_iter=1000, class_weight='balanced', random_state=42)",0.78408,0.76056,0.68589,0.8536,0.85897,
fake_reviews_dataset,,"CountVectorizer(binary=True, min_df=0.001, ngram_range=(2, 3))","PCA(n_components=500, random_state=42)","KNeighborsClassifier(n_neighbors=1, metric='euclidean')",0.68869,0.69331,0.7025,0.68814,0.68885,
fake_reviews_dataset,,"CountVectorizer(binary=True, min_df=0.001, ngram_range=(2, 3))","PCA(n_components=500, random_state=42)","KNeighborsClassifier(n_neighbors=1, metric='manhattan')",0.68537,0.68991,0.69933,0.68385,0.68571,
fake_reviews_dataset,,"CountVectorizer(binary=True, min_df=0.001, ngram_range=(2, 3))","PCA(n_components=500, random_state=42)","KNeighborsClassifier(n_neighbors=1, metric='cosine')",0.69833,0.70596,0.72431,0.69233,0.69871,
fake_reviews_dataset,,"CountVectorizer(binary=True, min_df=0.001, ngram_range=(2, 3))","PCA(n_components=500, random_state=42)","KNeighborsClassifier(n_neighbors=3, metric='euclidean')",0.71374,0.70141,0.67102,0.73897,0.77353,
fake_reviews_dataset,,"CountVectorizer(binary=True, min_df=0.001, ngram_range=(2, 3))","PCA(n_components=500, random_state=42)","KNeighborsClassifier(n_neighbors=3, metric='manhattan')",0.71095,0.69954,0.6721,0.73454,0.76144,
fake_reviews_dataset,,"CountVectorizer(binary=True, min_df=0.001, ngram_range=(2, 3))","PCA(n_components=500, random_state=42)","KNeighborsClassifier(n_neighbors=3, metric='cosine')",0.73608,0.72407,0.69209,0.76215,0.78223,
fake_reviews_dataset,,"CountVectorizer(binary=True, min_df=0.001, ngram_range=(2, 3))","PCA(n_components=500, random_state=42)","KNeighborsClassifier(n_neighbors=5, metric='euclidean')",0.73719,0.70368,0.62411,0.80663,0.79096,
fake_reviews_dataset,,"CountVectorizer(binary=True, min_df=0.001, ngram_range=(2, 3))","PCA(n_components=500, random_state=42)","KNeighborsClassifier(n_neighbors=5, metric='manhattan')",0.72532,0.69918,0.638,0.77797,0.78641,
fake_reviews_dataset,,"CountVectorizer(binary=True, min_df=0.001, ngram_range=(2, 3))","PCA(n_components=500, random_state=42)","KNeighborsClassifier(n_neighbors=5, metric='cosine')",0.73533,0.72314,0.69017,0.76359,0.80172,
fake_reviews_dataset,,"CountVectorizer(binary=True, min_df=0.001, ngram_range=(3, 3))","PCA(n_components=500, random_state=42)","LogisticRegression(max_iter=1000, class_weight='balanced', random_state=42)",0.70961,0.62086,0.47552,0.89427,0.72905,
fake_reviews_dataset,,"CountVectorizer(binary=True, min_df=0.001, ngram_range=(3,3))","PCA(n_components=500, random_state=42)","KNeighborsClassifier(n_neighbors=1, metric='euclidean')",0.49906,0.64726,0.91935,0.49947,0.49903,
fake_reviews_dataset,,"CountVectorizer(binary=True, min_df=0.001, ngram_range=(3,3))","PCA(n_components=500, random_state=42)","KNeighborsClassifier(n_neighbors=1, metric='manhattan')",0.61575,0.60973,0.62668,0.73807,0.61465,
fake_reviews_dataset,,"CountVectorizer(binary=True, min_df=0.001, ngram_range=(3,3))","PCA(n_components=500, random_state=42)","KNeighborsClassifier(n_neighbors=1, metric='cosine')",0.50292,0.65117,0.92803,0.50157,0.50291,
fake_reviews_dataset,,"CountVectorizer(binary=True, min_df=0.001, ngram_range=(3,3))","PCA(n_components=500, random_state=42)","KNeighborsClassifier(n_neighbors=3, metric='euclidean')",0.5045,0.65203,0.92863,0.50241,0.48019,
fake_reviews_dataset,,"CountVectorizer(binary=True, min_df=0.001, ngram_range=(3,3))","PCA(n_components=500, random_state=42)","KNeighborsClassifier(n_neighbors=3, metric='manhattan')",0.58276,0.62913,0.73281,0.6632,0.60973,
fake_reviews_dataset,,"CountVectorizer(binary=True, min_df=0.001, ngram_range=(3,3))","PCA(n_components=500, random_state=42)","KNeighborsClassifier(n_neighbors=3, metric='cosine')",0.50913,0.65696,0.94022,0.50488,0.48951,
fake_reviews_dataset,,"CountVectorizer(binary=True, min_df=0.001, ngram_range=(3,3))","PCA(n_components=500, random_state=42)","KNeighborsClassifier(n_neighbors=5, metric='euclidean')",0.50603,0.65344,0.93149,0.50325,0.46631,
fake_reviews_dataset,,"CountVectorizer(binary=True, min_df=0.001, ngram_range=(3,3))","PCA(n_components=500, random_state=42)","KNeighborsClassifier(n_neighbors=5, metric='manhattan')",0.58488,0.63201,0.73731,0.66208,0.59541,
fake_reviews_dataset,,"CountVectorizer(binary=True, min_df=0.001, ngram_range=(3,3))","PCA(n_components=500, random_state=42)","KNeighborsClassifier(n_neighbors=5, metric='cosine')",0.62554,0.62762,0.65499,0.74116,0.65331,
fake_reviews_dataset,,"CountVectorizer(binary=False, min_df=0.001, ngram_range=(1, 1))","PCA(n_components=500, random_state=42)",GaussianNB(),0.67837,0.65364,0.60959,0.70909,0.7411,
fake_reviews_dataset,,"CountVectorizer(binary=False, min_df=0.001, ngram_range=(1, 2))","PCA(n_components=500, random_state=42)",GaussianNB(),0.54771,0.34677,0.24013,0.62426,0.59077,
fake_reviews_dataset,,"CountVectorizer(binary=False, min_df=0.001, ngram_range=(1, 3))","PCA(n_components=500, random_state=42)",GaussianNB(),0.54217,0.34928,0.24577,0.6036,0.57167,
fake_reviews_dataset,,"CountVectorizer(binary=False, min_df=0.001, ngram_range=(2, 2))","PCA(n_components=500, random_state=42)",GaussianNB(),0.6686,0.5834,0.46418,0.78538,0.7143,
fake_reviews_dataset,,"CountVectorizer(binary=False, min_df=0.001, ngram_range=(2, 3))","PCA(n_components=500, random_state=42)",GaussianNB(),0.68799,0.61452,0.49744,0.80387,0.72038,
fake_reviews_dataset,,"CountVectorizer(binary=False, min_df=0.001, ngram_range=(3, 3))","PCA(n_components=500, random_state=42)",GaussianNB(),0.69321,0.62089,0.50248,0.81251,0.69598,
fake_reviews_dataset,,"CountVectorizer(binary=True, min_df=0.001, ngram_range=(1, 1))","PCA(n_components=500, random_state=42)",GaussianNB(),0.60452,0.65931,0.76544,0.57903,0.63599,
fake_reviews_dataset,,"CountVectorizer(binary=True, min_df=0.001, ngram_range=(1, 2))","PCA(n_components=500, random_state=42)",GaussianNB(),0.57103,0.63756,0.7547,0.55191,0.61035,
fake_reviews_dataset,,"CountVectorizer(binary=True, min_df=0.001, ngram_range=(1, 3))","PCA(n_components=500, random_state=42)",GaussianNB(),0.58545,0.65211,0.77716,0.56173,0.64115,
fake_reviews_dataset,,"CountVectorizer(binary=True, min_df=0.001, ngram_range=(2, 2))","PCA(n_components=500, random_state=42)",GaussianNB(),0.67142,0.61529,0.52563,0.74204,0.70585,
fake_reviews_dataset,,"CountVectorizer(binary=True, min_df=0.001, ngram_range=(2, 3))","PCA(n_components=500, random_state=42)",GaussianNB(),0.68621,0.63078,0.53616,0.76615,0.71405,
fake_reviews_dataset,,"CountVectorizer(binary=True, min_df=0.001, ngram_range=(3, 3))","PCA(n_components=500, random_state=42)",GaussianNB(),0.69287,0.62049,0.50222,0.81183,0.69605,
fake_reviews_dataset,,"CountVectorizer(binary=False, min_df=0.001, ngram_range=(1, 1))","PCA(n_components=500, random_state=42)",MultinomialNB(),0.54647,0.42139,0.34288,0.58915,0.576,
fake_reviews_dataset,,"CountVectorizer(binary=False, min_df=0.001, ngram_range=(1, 2))","PCA(n_components=500, random_state=42)",MultinomialNB(),0.54637,0.41566,0.3324,0.58944,0.57403,
fake_reviews_dataset,,"CountVectorizer(binary=False, min_df=0.001, ngram_range=(1, 3))","PCA(n_components=500, random_state=42)",MultinomialNB(),0.54751,0.41578,0.33212,0.59205,0.57655,
fake_reviews_dataset,,"CountVectorizer(binary=False, min_df=0.001, ngram_range=(2, 2))","PCA(n_components=500, random_state=42)",MultinomialNB(),0.53347,0.48978,0.64455,0.69487,0.77024,
fake_reviews_dataset,,"CountVectorizer(binary=False, min_df=0.001, ngram_range=(2, 3))","PCA(n_components=500, random_state=42)",MultinomialNB(),0.5277,0.48038,0.64,0.69633,0.76364,
fake_reviews_dataset,,"CountVectorizer(binary=False, min_df=0.001, ngram_range=(3, 3))","PCA(n_components=500, random_state=42)",MultinomialNB(),0.52456,0.48744,0.65096,0.69551,0.69487,
fake_reviews_dataset,,"CountVectorizer(binary=True, min_df=0.001, ngram_range=(1, 1))","PCA(n_components=500, random_state=42)",MultinomialNB(),0.77382,0.77339,0.79203,0.78156,0.88536,
fake_reviews_dataset,,"CountVectorizer(binary=True, min_df=0.001, ngram_range=(1, 2))","PCA(n_components=500, random_state=42)",MultinomialNB(),0.77097,0.74933,0.70453,0.82831,0.88052,
fake_reviews_dataset,,"CountVectorizer(binary=True, min_df=0.001, ngram_range=(1, 3))","PCA(n_components=500, random_state=42)",MultinomialNB(),0.76101,0.72993,0.6671,0.8361,0.87013,
fake_reviews_dataset,,"CountVectorizer(binary=True, min_df=0.001, ngram_range=(2, 2))","PCA(n_components=500, random_state=42)",MultinomialNB(),0.61177,0.46841,0.34674,0.74061,0.75783,
fake_reviews_dataset,,"CountVectorizer(binary=True, min_df=0.001, ngram_range=(2, 3))","PCA(n_components=500, random_state=42)",MultinomialNB(),0.63489,0.50101,0.37766,0.78367,0.77232,
fake_reviews_dataset,,"CountVectorizer(binary=True, min_df=0.001, ngram_range=(3, 3))","PCA(n_components=500, random_state=42)",MultinomialNB(),0.59584,0.46515,0.42367,0.8192,0.71031,
fake_reviews_dataset,,"CountVectorizer(binary=False, min_df=0.001, ngram_range=(1, 1))","PCA(n_components=500, random_state=42)",BernoulliNB(),0.72589,0.72498,0.72266,0.72739,0.79876,
fake_reviews_dataset,,"CountVectorizer(binary=False, min_df=0.001, ngram_range=(1, 2))","PCA(n_components=500, random_state=42)",BernoulliNB(),0.73373,0.73312,0.73157,0.73469,0.80966,
fake_reviews_dataset,,"CountVectorizer(binary=False, min_df=0.001, ngram_range=(1, 3))","PCA(n_components=500, random_state=42)",BernoulliNB(),0.73496,0.73335,0.72893,0.73785,0.81051,
fake_reviews_dataset,,"CountVectorizer(binary=False, min_df=0.001, ngram_range=(2, 2))","PCA(n_components=500, random_state=42)",BernoulliNB(),0.61785,0.6729,0.7862,0.58818,0.71093,
fake_reviews_dataset,,"CountVectorizer(binary=False, min_df=0.001, ngram_range=(2, 3))","PCA(n_components=500, random_state=42)",BernoulliNB(),0.62285,0.67144,0.77082,0.5948,0.7119,
fake_reviews_dataset,,"CountVectorizer(binary=False, min_df=0.001, ngram_range=(3, 3))","PCA(n_components=500, random_state=42)",BernoulliNB(),0.69104,0.62288,0.51034,0.79924,0.69108,
fake_reviews_dataset,,"CountVectorizer(binary=True, min_df=0.001, ngram_range=(1, 1))","PCA(n_components=500, random_state=42)",BernoulliNB(),0.71579,0.7154,0.71456,0.71628,0.7865,
fake_reviews_dataset,,"CountVectorizer(binary=True, min_df=0.001, ngram_range=(1, 2))","PCA(n_components=500, random_state=42)",BernoulliNB(),0.73187,0.73052,0.72719,0.73398,0.80412,
fake_reviews_dataset,,"CountVectorizer(binary=True, min_df=0.001, ngram_range=(1, 3))","PCA(n_components=500, random_state=42)",BernoulliNB(),0.734,0.73354,0.73238,0.73472,0.80877,
fake_reviews_dataset,,"CountVectorizer(binary=True, min_df=0.001, ngram_range=(2, 2))","PCA(n_components=500, random_state=42)",BernoulliNB(),0.60192,0.67569,0.82947,0.57009,0.69525,
fake_reviews_dataset,,"CountVectorizer(binary=True, min_df=0.001, ngram_range=(2, 3))","PCA(n_components=500, random_state=42)",BernoulliNB(),0.60551,0.67159,0.80682,0.57526,0.6994,
fake_reviews_dataset,,"CountVectorizer(binary=True, min_df=0.001, ngram_range=(3, 3))","PCA(n_components=500, random_state=42)",BernoulliNB(),0.69104,0.62288,0.51034,0.79924,0.69108,
fake_reviews_dataset,,"CountVectorizer(binary = True,min_df = 0.001, ngram_range=(1, 1)))","PCA(n_components=500, random_state=42)","SVC(probability=True, class_weight='balanced', random_state=42)",0.86105,0.86123,0.86272,0.85976,0.93511,
fake_reviews_dataset,'MinMaxScaler',"CountVectorizer(binary=True, min_df=0, ngram_range=(1, 1))","PCA(n_components=500, random_state=42)","LogisticRegression(max_iter=1000, class_weight='balanced', random_state=42)",0.83142,0.83238,0.83728,0.82757,0.91851,
fake_reviews_dataset,'MinMaxScaler',"CountVectorizer(binary=False, min_df=0, ngram_range=(1, 1))","PCA(n_components=500, random_state=42)","LogisticRegression(max_iter=1000, class_weight='balanced', random_state=42)",0.8264,0.82679,0.8289,0.82471,0.91395,
fake_reviews_dataset,'MinMaxScaler',"CountVectorizer(binary=True, min_df=0.001, ngram_range=(1, 1))","PCA(n_components=500, random_state=42)","LogisticRegression(max_iter=1000, class_weight='balanced', random_state=42)",0.83142,0.83238,0.83728,0.82757,0.91851,
fake_reviews_dataset,'MinMaxScaler',"CountVectorizer(binary=True, min_df=0.001, ngram_range=(1, 2))","PCA(n_components=500, random_state=42)","LogisticRegression(max_iter=1000, class_weight='balanced', random_state=42)",0.84866,0.84829,0.84647,0.85015,0.93454,
fake_reviews_dataset,'MinMaxScaler',"CountVectorizer(binary=True, min_df=0.001, ngram_range=(1, 3))","PCA(n_components=500, random_state=42)","LogisticRegression(max_iter=1000, class_weight='balanced', random_state=42)",0.84992,0.84927,0.84587,0.85271,0.93585,
fake_reviews_dataset,'MinMaxScaler',"CountVectorizer(binary=True, min_df=0.001, ngram_range=(2, 2))","PCA(n_components=500, random_state=42)","LogisticRegression(max_iter=1000, class_weight='balanced', random_state=42)",0.8008,0.78351,0.72083,0.85815,0.88479,
fake_reviews_dataset,'MinMaxScaler',"CountVectorizer(binary=True, min_df=0.001, ngram_range=(2, 3))","PCA(n_components=500, random_state=42)","LogisticRegression(max_iter=1000, class_weight='balanced', random_state=42)",0.80238,0.78401,0.71729,0.86445,0.88636,
fake_reviews_dataset,'MinMaxScaler',"CountVectorizer(binary=True, min_df=0.001, ngram_range=(3, 3))","PCA(n_components=500, random_state=42)","LogisticRegression(max_iter=1000, class_weight='balanced', random_state=42)",0.71174,0.62287,0.47613,0.90053,0.79786,
fake_reviews_dataset,'MinMaxScaler',"CountVectorizer(binary=False, min_df=0.001, ngram_range=(1, 1))","PCA(n_components=500, random_state=42)","LogisticRegression(max_iter=1000, class_weight='balanced', random_state=42)",0.8264,0.82679,0.8289,0.82471,0.91395,
fake_reviews_dataset,'MinMaxScaler',"CountVectorizer(binary=False, min_df=0.001, ngram_range=(1, 2))","PCA(n_components=500, random_state=42)","LogisticRegression(max_iter=1000, class_weight='balanced', random_state=42)",0.838,0.83702,0.83225,0.84186,0.92283,
fake_reviews_dataset,'MinMaxScaler',"CountVectorizer(binary=False, min_df=0.001, ngram_range=(1, 3))","PCA(n_components=500, random_state=42)","LogisticRegression(max_iter=1000, class_weight='balanced', random_state=42)",0.83844,0.83728,0.83157,0.84309,0.92405,
fake_reviews_dataset,'MinMaxScaler',"CountVectorizer(binary=False, min_df=0.001, ngram_range=(2, 2))","PCA(n_components=500, random_state=42)","LogisticRegression(max_iter=1000, class_weight='balanced', random_state=42)",0.80154,0.7848,0.72364,0.85728,0.88729,
fake_reviews_dataset,'MinMaxScaler',"CountVectorizer(binary=False, min_df=0.001, ngram_range=(2, 3))","PCA(n_components=500, random_state=42)","LogisticRegression(max_iter=1000, class_weight='balanced', random_state=42)",0.80295,0.78534,0.72081,0.86257,0.8877,
fake_reviews_dataset,'MinMaxScaler',"CountVectorizer(binary=False, min_df=0.001, ngram_range=(3, 3))","PCA(n_components=500, random_state=42)","LogisticRegression(max_iter=1000, class_weight='balanced', random_state=42)",0.71218,0.6235,0.47666,0.90122,0.79827,
fake_reviews_dataset,MinMaxScaler,"CountVectorizer(binary=False, min_df=0.001, ngram_range=(1, 1))","PCA(n_components=500, random_state=42)",GaussianNB(),0.67756,0.65234,0.60771,0.70858,0.74104,
fake_reviews_dataset,MinMaxScaler,"CountVectorizer(binary=False, min_df=0.001, ngram_range=(1, 2))","PCA(n_components=500, random_state=42)",GaussianNB(),0.54783,0.34665,0.23994,0.62478,0.59084,
fake_reviews_dataset,MinMaxScaler,"CountVectorizer(binary=False, min_df=0.001, ngram_range=(1, 3))","PCA(n_components=500, random_state=42)",GaussianNB(),0.54217,0.34923,0.24572,0.60363,0.57154,
fake_reviews_dataset,MinMaxScaler,"CountVectorizer(binary=False, min_df=0.001, ngram_range=(2, 2))","PCA(n_components=500, random_state=42)",GaussianNB(),0.66769,0.58229,0.46334,0.78377,0.71482,
fake_reviews_dataset,MinMaxScaler,"CountVectorizer(binary=False, min_df=0.001, ngram_range=(2, 3))","PCA(n_components=500, random_state=42)",GaussianNB(),0.68656,0.61229,0.49506,0.80244,0.72084,
fake_reviews_dataset,MinMaxScaler,"CountVectorizer(binary=False, min_df=0.001, ngram_range=(3, 3))","PCA(n_components=500, random_state=42)",GaussianNB(),0.69297,0.61986,0.5007,0.81365,0.70916,
fake_reviews_dataset,MinMaxScaler,"CountVectorizer(binary=True, min_df=0.001, ngram_range=(1, 1))","PCA(n_components=500, random_state=42)",GaussianNB(),0.6044,0.65918,0.76524,0.57895,0.63604,
fake_reviews_dataset,MinMaxScaler,"CountVectorizer(binary=True, min_df=0.001, ngram_range=(1, 2))","PCA(n_components=500, random_state=42)",GaussianNB(),0.57106,0.63759,0.75475,0.55192,0.61052,
fake_reviews_dataset,MinMaxScaler,"CountVectorizer(binary=True, min_df=0.001, ngram_range=(1, 3))","PCA(n_components=500, random_state=42)",GaussianNB(),0.58533,0.65222,0.77776,0.56158,0.64151,
fake_reviews_dataset,MinMaxScaler,"CountVectorizer(binary=True, min_df=0.001, ngram_range=(2, 2))","PCA(n_components=500, random_state=42)",GaussianNB(),0.66927,0.61254,0.52296,0.73936,0.70547,
fake_reviews_dataset,MinMaxScaler,"CountVectorizer(binary=True, min_df=0.001, ngram_range=(2, 3))","PCA(n_components=500, random_state=42)",GaussianNB(),0.68438,0.62869,0.53448,0.76344,0.71439,
fake_reviews_dataset,MinMaxScaler,"CountVectorizer(binary=True, min_df=0.001, ngram_range=(3, 3))","PCA(n_components=500, random_state=42)",GaussianNB(),0.69247,0.61961,0.50097,0.812,0.71041,
fake_reviews_dataset,MinMaxScaler,"CountVectorizer(binary=False, min_df=0.001, ngram_range=(1, 1))","PCA(n_components=500, random_state=42)",MultinomialNB(),0.54568,0.42028,0.34132,0.58771,0.5743,
fake_reviews_dataset,MinMaxScaler,"CountVectorizer(binary=False, min_df=0.001, ngram_range=(1, 2))","PCA(n_components=500, random_state=42)",MultinomialNB(),0.54615,0.41617,0.33308,0.58911,0.57242,
fake_reviews_dataset,MinMaxScaler,"CountVectorizer(binary=False, min_df=0.001, ngram_range=(1, 3))","PCA(n_components=500, random_state=42)",MultinomialNB(),0.54662,0.41542,0.33221,0.59029,0.57485,
fake_reviews_dataset,MinMaxScaler,"CountVectorizer(binary=False, min_df=0.001, ngram_range=(2, 2))","PCA(n_components=500, random_state=42)",MultinomialNB(),0.52928,0.48296,0.6419,0.69583,0.78947,
fake_reviews_dataset,MinMaxScaler,"CountVectorizer(binary=False, min_df=0.001, ngram_range=(2, 3))","PCA(n_components=500, random_state=42)",MultinomialNB(),0.52867,0.48019,0.64175,0.69631,0.78822,
fake_reviews_dataset,MinMaxScaler,"CountVectorizer(binary=False, min_df=0.001, ngram_range=(3, 3))","PCA(n_components=500, random_state=42)",MultinomialNB(),0.54227,0.50021,0.65064,0.70211,0.75716,
fake_reviews_dataset,MinMaxScaler,"CountVectorizer(binary=True, min_df=0.001, ngram_range=(1, 1))","PCA(n_components=500, random_state=42)",MultinomialNB(),0.77426,0.77654,0.80338,0.77633,0.88509,
fake_reviews_dataset,MinMaxScaler,"CountVectorizer(binary=True, min_df=0.001, ngram_range=(1, 2))","PCA(n_components=500, random_state=42)",MultinomialNB(),0.77538,0.75642,0.71861,0.82678,0.88554,
fake_reviews_dataset,MinMaxScaler,"CountVectorizer(binary=True, min_df=0.001, ngram_range=(1, 3))","PCA(n_components=500, random_state=42)",MultinomialNB(),0.76729,0.73938,0.68283,0.83704,0.87702,
fake_reviews_dataset,MinMaxScaler,"CountVectorizer(binary=True, min_df=0.001, ngram_range=(2, 2))","PCA(n_components=500, random_state=42)",MultinomialNB(),0.60447,0.45945,0.33911,0.72558,0.71785,
fake_reviews_dataset,MinMaxScaler,"CountVectorizer(binary=True, min_df=0.001, ngram_range=(2, 3))","PCA(n_components=500, random_state=42)",MultinomialNB(),0.61664,0.47114,0.34715,0.75704,0.74366,
fake_reviews_dataset,MinMaxScaler,"CountVectorizer(binary=True, min_df=0.001, ngram_range=(3, 3))","PCA(n_components=500, random_state=42)",MultinomialNB(),0.58407,0.43836,0.33051,0.68528,0.58949,
fake_reviews_dataset,MinMaxScaler,"CountVectorizer(binary=False, min_df=0.001, ngram_range=(1, 1))","PCA(n_components=500, random_state=42)",BernoulliNB(),0.72388,0.72284,0.72016,0.72562,0.7981,
fake_reviews_dataset,MinMaxScaler,"CountVectorizer(binary=False, min_df=0.001, ngram_range=(1, 2))","PCA(n_components=500, random_state=42)",BernoulliNB(),0.73214,0.73205,0.7319,0.73224,0.80927,
fake_reviews_dataset,MinMaxScaler,"CountVectorizer(binary=False, min_df=0.001, ngram_range=(1, 3))","PCA(n_components=500, random_state=42)",BernoulliNB(),0.73452,0.73342,0.73034,0.73653,0.81018,
fake_reviews_dataset,MinMaxScaler,"CountVectorizer(binary=False, min_df=0.001, ngram_range=(2, 2))","PCA(n_components=500, random_state=42)",BernoulliNB(),0.66739,0.71437,0.83197,0.62592,0.77018,
fake_reviews_dataset,MinMaxScaler,"CountVectorizer(binary=False, min_df=0.001, ngram_range=(2, 3))","PCA(n_components=500, random_state=42)",BernoulliNB(),0.66737,0.71047,0.81629,0.62899,0.76474,
fake_reviews_dataset,MinMaxScaler,"CountVectorizer(binary=False, min_df=0.001, ngram_range=(3, 3))","PCA(n_components=500, random_state=42)",BernoulliNB(),0.69106,0.62288,0.51029,0.79935,0.73511,
fake_reviews_dataset,MinMaxScaler,"CountVectorizer(binary=True, min_df=0.001, ngram_range=(1, 1))","PCA(n_components=500, random_state=42)",BernoulliNB(),0.71599,0.71583,0.71562,0.71606,0.7865,
fake_reviews_dataset,MinMaxScaler,"CountVectorizer(binary=True, min_df=0.001, ngram_range=(1, 2))","PCA(n_components=500, random_state=42)",BernoulliNB(),0.72987,0.72897,0.72677,0.73129,0.80189,
fake_reviews_dataset,MinMaxScaler,"CountVectorizer(binary=True, min_df=0.001, ngram_range=(1, 3))","PCA(n_components=500, random_state=42)",BernoulliNB(),0.73343,0.73307,0.73215,0.73401,0.80839,
fake_reviews_dataset,MinMaxScaler,"CountVectorizer(binary=True, min_df=0.001, ngram_range=(2, 2))","PCA(n_components=500, random_state=42)",BernoulliNB(),0.64887,0.70895,0.85531,0.60542,0.75445,
fake_reviews_dataset,MinMaxScaler,"CountVectorizer(binary=True, min_df=0.001, ngram_range=(2, 3))","PCA(n_components=500, random_state=42)",BernoulliNB(),0.65208,0.70925,0.84882,0.60913,0.75645,
fake_reviews_dataset,MinMaxScaler,"CountVectorizer(binary=True, min_df=0.001, ngram_range=(3, 3))","PCA(n_components=500, random_state=42)",BernoulliNB(),0.69106,0.62292,0.51039,0.79925,0.73352,
fake_reviews_dataset,MinMaxScaler,"CountVectorizer(binary=True, min_df=0.001, ngram_range=(1, 1))","PCA(n_components=500, random_state=42)","KNeighborsClassifier(n_neighbors=1, metric='euclidean')",0.64182,0.68894,0.79338,0.60887,0.64185,
fake_reviews_dataset,MinMaxScaler,"CountVectorizer(binary=True, min_df=0.001, ngram_range=(1, 1))","PCA(n_components=500, random_state=42)","KNeighborsClassifier(n_neighbors=1, metric='manhattan')",0.64021,0.68454,0.78083,0.60946,0.64026,
fake_reviews_dataset,MinMaxScaler,"CountVectorizer(binary=True, min_df=0.001, ngram_range=(1, 1))","PCA(n_components=500, random_state=42)","KNeighborsClassifier(n_neighbors=1, metric='cosine')",0.68958,0.73327,0.85345,0.64279,0.68958,
fake_reviews_dataset,MinMaxScaler,"CountVectorizer(binary=True, min_df=0.001, ngram_range=(1, 1))","PCA(n_components=500, random_state=42)","KNeighborsClassifier(n_neighbors=3, metric='euclidean')",0.64929,0.69805,0.81081,0.61294,0.72029,
fake_reviews_dataset,MinMaxScaler,"CountVectorizer(binary=True, min_df=0.001, ngram_range=(1, 1))","PCA(n_components=500, random_state=42)","KNeighborsClassifier(n_neighbors=3, metric='manhattan')",0.64884,0.69557,0.80237,0.61399,0.71581,
fake_reviews_dataset,MinMaxScaler,"CountVectorizer(binary=True, min_df=0.001, ngram_range=(1, 1))","PCA(n_components=500, random_state=42)","KNeighborsClassifier(n_neighbors=3, metric='cosine')",0.70313,0.74796,0.88107,0.64982,0.79444,
fake_reviews_dataset,MinMaxScaler,"CountVectorizer(binary=True, min_df=0.001, ngram_range=(1, 1))","PCA(n_components=500, random_state=42)","KNeighborsClassifier(n_neighbors=5, metric='euclidean')",0.65156,0.70249,0.82282,0.61306,0.74311,
fake_reviews_dataset,MinMaxScaler,"CountVectorizer(binary=True, min_df=0.001, ngram_range=(1, 1))","PCA(n_components=500, random_state=42)","KNeighborsClassifier(n_neighbors=5, metric='manhattan')",0.64998,0.69889,0.81246,0.61335,0.73631,
fake_reviews_dataset,MinMaxScaler,"CountVectorizer(binary=True, min_df=0.001, ngram_range=(1, 1))","PCA(n_components=500, random_state=42)","KNeighborsClassifier(n_neighbors=5, metric='cosine')",0.70917,0.75451,0.89396,0.65274,0.82711,
fake_reviews_dataset,MinMaxScaler,"CountVectorizer(binary=True, min_df=0.001, ngram_range=(1, 2))","PCA(n_components=500, random_state=42)","KNeighborsClassifier(n_neighbors=1, metric='euclidean')",0.66613,0.70036,0.78045,0.63525,0.66617,
fake_reviews_dataset,MinMaxScaler,"CountVectorizer(binary=True, min_df=0.001, ngram_range=(1, 2))","PCA(n_components=500, random_state=42)","KNeighborsClassifier(n_neighbors=1, metric='manhattan')",0.66195,0.69742,0.77921,0.63123,0.66198,
fake_reviews_dataset,MinMaxScaler,"CountVectorizer(binary=True, min_df=0.001, ngram_range=(1, 2))","PCA(n_components=500, random_state=42)","KNeighborsClassifier(n_neighbors=1, metric='cosine')",0.71297,0.74717,0.84831,0.6676,0.71296,
fake_reviews_dataset,MinMaxScaler,"CountVectorizer(binary=True, min_df=0.001, ngram_range=(1, 2))","PCA(n_components=500, random_state=42)","KNeighborsClassifier(n_neighbors=3, metric='euclidean')",0.67748,0.7089,0.78547,0.64599,0.74709,
fake_reviews_dataset,MinMaxScaler,"CountVectorizer(binary=True, min_df=0.001, ngram_range=(1, 2))","PCA(n_components=500, random_state=42)","KNeighborsClassifier(n_neighbors=3, metric='manhattan')",0.67088,0.70453,0.7848,0.63923,0.73919,
fake_reviews_dataset,MinMaxScaler,"CountVectorizer(binary=True, min_df=0.001, ngram_range=(1, 2))","PCA(n_components=500, random_state=42)","KNeighborsClassifier(n_neighbors=3, metric='cosine')",0.73041,0.76296,0.86782,0.68074,0.81694,
fake_reviews_dataset,MinMaxScaler,"CountVectorizer(binary=True, min_df=0.001, ngram_range=(1, 2))","PCA(n_components=500, random_state=42)","KNeighborsClassifier(n_neighbors=5, metric='euclidean')",0.68513,0.71494,0.78978,0.65323,0.76997,
fake_reviews_dataset,MinMaxScaler,"CountVectorizer(binary=True, min_df=0.001, ngram_range=(1, 2))","PCA(n_components=500, random_state=42)","KNeighborsClassifier(n_neighbors=5, metric='manhattan')",0.67731,0.70925,0.7872,0.64545,0.761,
fake_reviews_dataset,MinMaxScaler,"CountVectorizer(binary=True, min_df=0.001, ngram_range=(1, 2))","PCA(n_components=500, random_state=42)","KNeighborsClassifier(n_neighbors=5, metric='cosine')",0.73813,0.77032,0.8784,0.68597,0.84773,
fake_reviews_dataset,MinMaxScaler,"CountVectorizer(binary=True, min_df=0.001, ngram_range=(1, 3))","PCA(n_components=500, random_state=42)","KNeighborsClassifier(n_neighbors=1, metric='euclidean')",0.66781,0.70113,0.77939,0.63719,0.66782,
fake_reviews_dataset,MinMaxScaler,"CountVectorizer(binary=True, min_df=0.001, ngram_range=(1, 3))","PCA(n_components=500, random_state=42)","KNeighborsClassifier(n_neighbors=1, metric='manhattan')",0.66175,0.6962,0.77517,0.63191,0.6618,
fake_reviews_dataset,MinMaxScaler,"CountVectorizer(binary=True, min_df=0.001, ngram_range=(1, 3))","PCA(n_components=500, random_state=42)","KNeighborsClassifier(n_neighbors=1, metric='cosine')",0.71668,0.74899,0.8454,0.67234,0.71667,
fake_reviews_dataset,MinMaxScaler,"CountVectorizer(binary=True, min_df=0.001, ngram_range=(1, 3))","PCA(n_components=500, random_state=42)","KNeighborsClassifier(n_neighbors=3, metric='euclidean')",0.67998,0.70958,0.782,0.64948,0.74979,
fake_reviews_dataset,MinMaxScaler,"CountVectorizer(binary=True, min_df=0.001, ngram_range=(1, 3))","PCA(n_components=500, random_state=42)","KNeighborsClassifier(n_neighbors=3, metric='manhattan')",0.67538,0.70696,0.78321,0.64431,0.74205,
fake_reviews_dataset,MinMaxScaler,"CountVectorizer(binary=True, min_df=0.001, ngram_range=(1, 3))","PCA(n_components=500, random_state=42)","KNeighborsClassifier(n_neighbors=3, metric='cosine')",0.73729,0.76698,0.86484,0.68904,0.82108,
fake_reviews_dataset,MinMaxScaler,"CountVectorizer(binary=True, min_df=0.001, ngram_range=(1, 3))","PCA(n_components=500, random_state=42)","KNeighborsClassifier(n_neighbors=5, metric='euclidean')",0.68693,0.71465,0.78408,0.65664,0.77223,
fake_reviews_dataset,MinMaxScaler,"CountVectorizer(binary=True, min_df=0.001, ngram_range=(1, 3))","PCA(n_components=500, random_state=42)","KNeighborsClassifier(n_neighbors=5, metric='manhattan')",0.68013,0.71038,0.78466,0.64906,0.76386,
fake_reviews_dataset,MinMaxScaler,"CountVectorizer(binary=True, min_df=0.001, ngram_range=(1, 3))","PCA(n_components=500, random_state=42)","KNeighborsClassifier(n_neighbors=5, metric='cosine')",0.74523,0.77412,0.87333,0.69519,0.85116,
fake_reviews_dataset,,"CountVectorizer(binary = True,min_df = 0.001, ngram_range=(1, 1)))","PCA(n_components=500, random_state=42)","SVC(probability=True, class_weight='balanced', random_state=42)",0.86105,0.86123,0.86272,0.85976,0.93511,
fake_reviews_dataset,,"CountVectorizer(binary=True, min_df=0.001, ngram_range=(2, 2))","PCA(n_components=500, random_state=42)","KNeighborsClassifier(n_neighbors=1, metric='euclidean')",0.7408,0.72926,0.69827,0.76333,0.74084,
fake_reviews_dataset,,"CountVectorizer(binary=True, min_df=0.001, ngram_range=(2, 2))","PCA(n_components=500, random_state=42)","KNeighborsClassifier(n_neighbors=1, metric='manhattan')",0.73457,0.72176,0.68855,0.75846,0.73455,
fake_reviews_dataset,,"CountVectorizer(binary=True, min_df=0.001, ngram_range=(2, 2))","PCA(n_components=500, random_state=42)","KNeighborsClassifier(n_neighbors=1, metric='cosine')",0.75059,0.74331,0.7222,0.7657,0.75055,
fake_reviews_dataset,,"CountVectorizer(binary=True, min_df=0.001, ngram_range=(2, 2))","PCA(n_components=500, random_state=42)","KNeighborsClassifier(n_neighbors=3, metric='euclidean')",0.75317,0.73188,0.6738,0.80096,0.80658,
fake_reviews_dataset,,"CountVectorizer(binary=True, min_df=0.001, ngram_range=(2, 2))","PCA(n_components=500, random_state=42)","KNeighborsClassifier(n_neighbors=3, metric='manhattan')",0.74805,0.72492,0.66409,0.79816,0.80022,
fake_reviews_dataset,,"CountVectorizer(binary=True, min_df=0.001, ngram_range=(2, 2))","PCA(n_components=500, random_state=42)","KNeighborsClassifier(n_neighbors=3, metric='cosine')",0.76529,0.75036,0.70556,0.80127,0.81861,
fake_reviews_dataset,,"CountVectorizer(binary=True, min_df=0.001, ngram_range=(2, 2))","PCA(n_components=500, random_state=42)","KNeighborsClassifier(n_neighbors=5, metric='euclidean')",0.75087,0.7208,0.64323,0.8198,0.81902,
fake_reviews_dataset,,"CountVectorizer(binary=True, min_df=0.001, ngram_range=(2, 2))","PCA(n_components=500, random_state=42)","KNeighborsClassifier(n_neighbors=5, metric='manhattan')",0.74567,0.71569,0.64029,0.81146,0.8119,
fake_reviews_dataset,,"CountVectorizer(binary=True, min_df=0.001, ngram_range=(2, 2))","PCA(n_components=500, random_state=42)","KNeighborsClassifier(n_neighbors=5, metric='cosine')",0.76855,0.75059,0.69663,0.81362,0.83131,
fake_reviews_dataset,,"CountVectorizer(binary=True, min_df=0.001, ngram_range=(2, 3))","PCA(n_components=500, random_state=42)","KNeighborsClassifier(n_neighbors=1, metric='euclidean')",0.74171,0.73134,0.7031,0.76201,0.74173,
fake_reviews_dataset,,"CountVectorizer(binary=True, min_df=0.001, ngram_range=(2, 3))","PCA(n_components=500, random_state=42)","KNeighborsClassifier(n_neighbors=1, metric='manhattan')",0.73835,0.72693,0.69658,0.76015,0.73838,
fake_reviews_dataset,,"CountVectorizer(binary=True, min_df=0.001, ngram_range=(2, 3))","PCA(n_components=500, random_state=42)","KNeighborsClassifier(n_neighbors=1, metric='cosine')",0.74909,0.74073,0.71687,0.76631,0.74904,
fake_reviews_dataset,,"CountVectorizer(binary=True, min_df=0.001, ngram_range=(2, 3))","PCA(n_components=500, random_state=42)","KNeighborsClassifier(n_neighbors=3, metric='euclidean')",0.75376,0.7329,0.6758,0.80054,0.80583,
fake_reviews_dataset,,"CountVectorizer(binary=True, min_df=0.001, ngram_range=(2, 3))","PCA(n_components=500, random_state=42)","KNeighborsClassifier(n_neighbors=3, metric='manhattan')",0.75163,0.72911,0.66855,0.80181,0.80393,
fake_reviews_dataset,,"CountVectorizer(binary=True, min_df=0.001, ngram_range=(2, 3))","PCA(n_components=500, random_state=42)","KNeighborsClassifier(n_neighbors=3, metric='cosine')",0.76484,0.74893,0.70162,0.80319,0.81679,
fake_reviews_dataset,,"CountVectorizer(binary=True, min_df=0.001, ngram_range=(2, 3))","PCA(n_components=500, random_state=42)","KNeighborsClassifier(n_neighbors=5, metric='euclidean')",0.75411,0.72572,0.65066,0.82046,0.81867,
fake_reviews_dataset,,"CountVectorizer(binary=True, min_df=0.001, ngram_range=(2, 3))","PCA(n_components=500, random_state=42)","KNeighborsClassifier(n_neighbors=5, metric='manhattan')",0.74948,0.71993,0.64406,0.81613,0.81547,
fake_reviews_dataset,,"CountVectorizer(binary=True, min_df=0.001, ngram_range=(2, 3))","PCA(n_components=500, random_state=42)","KNeighborsClassifier(n_neighbors=5, metric='cosine')",0.76672,0.74994,0.69963,0.80813,0.8294,
fake_reviews_dataset,,"CountVectorizer(binary=True, min_df=0.001, ngram_range=(3, 3))","PCA(n_components=500, random_state=42)","KNeighborsClassifier(n_neighbors=1, metric='euclidean')",0.71673,0.69758,0.65347,0.74819,0.71668,
fake_reviews_dataset,,"CountVectorizer(binary=True, min_df=0.001, ngram_range=(3, 3))","PCA(n_components=500, random_state=42)","KNeighborsClassifier(n_neighbors=1, metric='manhattan')",0.70704,0.67907,0.62124,0.74992,0.707,
fake_reviews_dataset,,"CountVectorizer(binary=True, min_df=0.001, ngram_range=(3, 3))","PCA(n_components=500, random_state=42)","KNeighborsClassifier(n_neighbors=1, metric='cosine')",0.72472,0.70648,0.66249,0.75695,0.72465,
fake_reviews_dataset,,"CountVectorizer(binary=True, min_df=0.001, ngram_range=(3, 3))","PCA(n_components=500, random_state=42)","KNeighborsClassifier(n_neighbors=3, metric='euclidean')",0.73281,0.70807,0.64805,0.7807,0.7459,
fake_reviews_dataset,,"CountVectorizer(binary=True, min_df=0.001, ngram_range=(3, 3))","PCA(n_components=500, random_state=42)","KNeighborsClassifier(n_neighbors=3, metric='manhattan')",0.71364,0.67571,0.59876,0.77727,0.74053,
fake_reviews_dataset,,"CountVectorizer(binary=True, min_df=0.001, ngram_range=(3, 3))","PCA(n_components=500, random_state=42)","KNeighborsClassifier(n_neighbors=3, metric='cosine')",0.73798,0.7167,0.66286,0.78009,0.75273,
fake_reviews_dataset,,"CountVectorizer(binary=True, min_df=0.001, ngram_range=(3, 3))","PCA(n_components=500, random_state=42)","KNeighborsClassifier(n_neighbors=5, metric='euclidean')",0.73716,0.70838,0.63835,0.7962,0.75573,
fake_reviews_dataset,,"CountVectorizer(binary=True, min_df=0.001, ngram_range=(3, 3))","PCA(n_components=500, random_state=42)","KNeighborsClassifier(n_neighbors=5, metric='manhattan')",0.70499,0.65627,0.56464,0.78494,0.74067,
fake_reviews_dataset,,"CountVectorizer(binary=True, min_df=0.001, ngram_range=(3, 3))","PCA(n_components=500, random_state=42)","KNeighborsClassifier(n_neighbors=5, metric='cosine')",0.70303,0.69182,0.66802,0.71853,0.7549,
